{
  "cuda_calc_expr,do_work": {
    "name": "plugin: calc expression",
    "s1": [
      "ctrl+p",
      "e"
    ]
  },
  "cuda_sync_editing,toggle": {
    "name": "plugin: Sync Editing: Activate",
    "s1": [
      "Ctrl+P",
      "A"
    ]
  },
  "cuda_column_editor,run": {
    "name": "plugin: Column Editor",
    "s1": [
      "Ctrl+P",
      "C"
    ]
  },
  "cuda_text_stat,run": {
    "name": "plugin: Text Statistics: For document, in message box",
    "s1": [
      "Ctrl+P",
      "S"
    ]
  },
  "2695": {
    "name": "code: auto-completion menu",
    "s1": [
      "Ctrl+Space"
    ]
  },
  "cuda_insert_time,ins_default": {
    "name": "plugin: Insert Time: Insert in default format",
    "s1": [
      "Ctrl+P",
      "T"
    ]
  },
  "cuda_spell_checker,check": {
    "name": "plugin: Spell Checker: Check text",
    "s1": [
      "Ctrl+P",
      "W"
    ]
  },
  "cuda_ex_terminal,run_selection": {
    "name": "plugin: * My Tools *: Run Selection or Current Line (Ctrl-,)",
    "s1": [
      "Shift+Enter"
    ],
    "s2": [
      "Ctrl+,"
    ]
  },
  "cuda_ex_terminal,run_script": {
    "name": "plugin: * My Tools *: Run Script (Ctrl-.)",
    "s1": [
      "Ctrl+Enter"
    ],
    "s2": [
      "Ctrl+."
    ]
  },
  "cuda_ex_terminal,help_on_function": {
    "name": "plugin: * My Tools *: Help on Current Function",
    "s1": [
      "F1"
    ]
  },
  "cuda_ex_terminal,start_interpreter": {
    "name": "plugin: * My Tools *: Start Interpreter Terminal",
    "s1": [
      "F2"
    ]
  },
  "2582": {
    "name": "dialog: command palette",
    "s1": [
      "Shift+Ctrl+P"
    ]
  },
  "cuda_complete_from_text,load_dictionary": {
    "name": "plugin: Complete From Text: Load Dictionary",
    "s1": [
      "Ctrl+P",
      "D"
    ]
  },
  "1027": {
    "name": "trim spaces: right",
    "s1": [
      "Ctrl+Alt+R"
    ]
  },
  "1028": {
    "name": "trim spaces: all",
    "s1": [
      "Ctrl+Alt+A"
    ]
  },
  "2002": {
    "name": "repeat last text command",
    "s1": [
      "Ctrl+R"
    ]
  },
  "cuda_complete_from_text,on_complete_lex": {
    "name": "plugin: Complete From Text: Lexical Completion (Ctrl-Shift-Space)",
    "s1": [
      "Ctrl+Alt+Space"
    ]
  },
  "cuda_complete_from_text,on_complete_text": {
    "name": "plugin: Complete From Text: Text Completion (Ctrl-Space)",
    "s1": [
      "Shift+Alt+Space"
    ]
  },
  "cuda_complete_from_text,on_lua_switch": {
    "name": "plugin: Complete From Text: Lua Lexer Switch",
    "s1": [
      "Ctrl+P",
      "L"
    ]
  },
  "cuda_ex_terminal,mathly_plot_template": {
    "name": "plugin: * Mathly *: Insert Mathly Plot Template",
    "s1": [
      "Ctrl+P",
      "P"
    ],
    "s2": [
      "Ctrl+T"
    ]
  },
  "2845": {
    "name": "brackets: jump to pair",
    "s1": [
      "Ctrl+M"
    ],
    "s2": [
      "Ctrl+0"
    ]
  },
  "2846": {
    "name": "brackets: select to pair",
    "s1": [
      "Shift+Ctrl+M"
    ],
    "s2": [
      "Shift+Ctrl+0"
    ]
  },
  "cuda_comments,cmt_toggle_stream": {
    "name": "plugin: Comments: Toggle stream comment",
    "s1": [
      "Shift+Ctrl+/"
    ]
  },
  "cuda_cudaext,go_prgph_bgn": {
    "name": "plugin: Cuda-Ext: Paragraph: Go to beginning",
    "s1": [
      "Ctrl+["
    ]
  },
  "cuda_cudaext,go_prgph_end": {
    "name": "plugin: Cuda-Ext: Paragraph: Go to end",
    "s1": [
      "Ctrl+]"
    ]
  },
  "302": {
    "name": "toggle word-wrap mode (off / on)",
    "s1": [
      "Ctrl+U"
    ],
    "s2": [
      "F10"
    ]
  },
  "2533": {
    "name": "ui: toggle side panel",
    "s1": [
      "F12"
    ],
    "s2": [
      "Ctrl+\\"
    ]
  },
  "1020": {
    "name": "convert case: lower case",
    "s1": [
      "Shift+Ctrl+L"
    ]
  },
  "1021": {
    "name": "convert case: upper case",
    "s1": [
      "Shift+Ctrl+U"
    ]
  },
  "cuda_hilite_occurrences,select_all": {
    "name": "plugin: Highlight Occurrences: Select all occurrences",
    "s1": [
      "Shift+Ctrl+E"
    ]
  },
  "154": {
    "name": "insert line-break (enter)",
    "s1": [
      "Enter"
    ]
  }
}