{
    "_": "default_file.png",
    "_dir": "default_folder.png",
    "_proj": "file_type_zip.png",
    "_zip": "file_type_zip2.png",
    "_img": "file_type_image.png",
    "_bin": "file_type_binary.png",
    "_server": "icon_server.png",
    "_bad": "icon_bad.png",
    "ActionScript": "file_type_actionscript.png",
    "Ada": "file_type_ada.png",
    "ANTLR": "file_type_antlr.png",
    "Apache config": "file_type_apache.png",
    "Apache Hive": "file_type_apache.png",
    "Apache Pig": "file_type_apache.png",
    "AppleScript": "file_type_applescript.png",
    "Arduino": "file_type_arduino.png",
    "AsciiDoc": "file_type_asciidoc.png",
    "Assembly": "file_type_assembly.png",
    "Assembly ARM": "file_type_assembly.png",
    "Assembly AVR": "file_type_assembly.png",
    "Assembly FASM": "file_type_assembly.png",
    "Assembly JWASM": "file_type_assembly.png",
    "Assembly MIPS": "file_type_assembly.png",
    "Assembly SHARC DSP": "file_type_assembly.png",
    "Assembly SPARC": "file_type_assembly.png",
    "Assembly Z80 SjASM": "file_type_assembly.png",
    "Astro": "file_type_astro.png",
    "AutoHotkey": "file_type_autohotkey.png",
    "AutoIt": "file_type_autoit.png",
    "Automake": "file_type_makefile.png",
    "AWK": "file_type_awk.png",
    "Ballerina": "file_type_ballerina.png",
    "Bash script": "file_type_shell.png",
    "Batch files": "file_type_bat.png",
    "Bazelrc": "file_type_bazel.png",
    "BibTeX": "file_type_tex.png",
    "Bicep": "file_type_bicep.png",
    "Bohemia SQF": "file_type_sqf.png",
    "C": "file_type_c.png",
    "C3": "file_type_c3.png",
    "C#": "file_type_csharp.png",
    "C++": "file_type_cpp.png",
    "Caml": "file_type_ocaml.png",
    "CSS": "file_type_css.png",
    "Clojure": "file_type_clojure.png",
    "CMake": "file_type_cmake.png",
    "Cobol": "file_type_cobol.png",
    "CoffeeScript": "file_type_coffeescript.png",
    "CUDA C++": "file_type_cuda.png",
    "Cython": "file_type_cython.png",
    "D": "file_type_dlang.png",
    "Dart": "file_type_dartlang.png",
    "Delphi resources": "file_type_config.png",
    "Diff": "file_type_diff.png",
    "Dockerfile": "file_type_docker.png",
    "Elixir": "file_type_elixir.png",
    "Elm": "file_type_elm.png",
    "Erlang": "file_type_erlang.png",
    "Falcon": "file_type_falcon.png",
    "F#": "file_type_fsharp.png",
    "Fortran": "file_type_fortran.png",
    "G-code": "file_type_gcode.png",
    "GDScript": "file_type_gdscript.png",
    "Gherkin": "file_type_cucumber.png",
    "Gleam": "file_type_gleam.png",
    "GLSL": "file_type_glsl.png",
    "Gnuplot": "file_type_gnuplot.png",
    "Go": "file_type_go.png",
    "Graphviz DOT": "file_type_graphviz.png",
    "GraphQL": "file_type_graphql.png",
    "Groovy": "file_type_groovy.png",
    "Haml": "file_type_haml.png",
    "Harbour": "file_type_harbour.png",
    "Haskell": "file_type_haskell.png",
    "Haxe": "file_type_haxe.png",
    "HJSON": "file_type_hjson.png",
    "HLSL": "file_type_hlsl.png",
    "HTML": "file_type_html.png",
    "HTML Diafan": "file_type_html.png",
    "HTML Django DTL": "file_type_django.png",
    "HTML Embedded JS": "file_type_ejs.png",
    "HTML Handlebars": "file_type_handlebars.png",
    "HTML Laravel Blade": "file_type_blade.png",
    "HTML Mustache": "file_type_mustache.png",
    "HTML Liquid": "file_type_liquid.png",
    "HTML Smarty": "file_type_smarty.png",
    "Ini files": "file_type_ini.png",
    "Ini files ^": "file_type_ini.png",
    "Informix 4GL": "file_type_informix.png",
    "Inno Setup": "file_type_innosetup.png",
    "Jasmine JVM Assembler": "file_type_jasmine.png",
    "Java": "file_type_java.png",
    "JavaScript": "file_type_js.png",
    "JavaScript Babel": "file_type_babel.png",
    "Java Velocity": "file_type_velocity.png",
    "Jinja2": "file_type_jinja.png",
    "JSON": "file_type_json.png",
    "Jsonnet": "file_type_jsonnet.png",
    "Julia": "file_type_julia.png",
    "Kivy": "file_type_kivy.png",
    "Kotlin": "file_type_kotlin.png",
    "LaTeX": "file_type_tex.png",
    "LESS": "file_type_less.png",
    "Lisp": "file_type_lisp.png",
    "Log files ^": "file_type_log.png",
    "Lua": "file_type_lua.png",
    "Makefile": "file_type_makefile.png",
    "Markdown": "file_type_markdown.png",
    "MATLAB": "file_type_matlab.png",
    "Maya": "file_type_maya.png",
    "MediaWiki": "file_type_mediawiki.png",
    "MDX": "file_type_mdx.png",
    "Mojo": "file_type_mojo.png",
    "MSVS Solution": "file_type_vcxproj.png",
    "MySQL": "file_type_sql.png",
    "Nim": "file_type_nim.png",
    "NSIS": "file_type_nsi.png",
    "Objective-C": "file_type_objectivec.png",
    "OpenCL": "file_type_opencl.png",
    "OpenSCAD": "file_type_openscad.png",
    "Org-mode": "file_type_org.png",
    "Pascal": "file_type_delphi.png",
    "Perl": "file_type_perl.png",
    "PHP": "file_type_php.png",
    "PL/SQL": "file_type_plsql.png",
    "PlantUML": "file_type_plantuml.png",
    "Pony": "file_type_pony.png",
    "PowerShell": "file_type_powershell.png",
    "Properties": "file_type_ini.png",
    "Prolog": "file_type_prolog.png",
    "Pug": "file_type_pug.png",
    "Puppet": "file_type_puppet.png",
    "Pyret": "file_type_pyret.png",
    "Python": "file_type_python.png",
    "R": "file_type_r.png",
    "Racket": "file_type_racket.png",
    "Raku": "file_type_perl6.png",
    "Razor": "file_type_razor.png",
    "ReasonML": "file_type_reason.png",
    "Red": "file_type_red.png",
    "ReScript": "file_type_rescript.png",
    "reStructuredText": "file_type_rest.png",
    "Rexx": "file_type_rexx.png",
    "Ruby": "file_type_ruby.png",
    "Rust": "file_type_rust.png",
    "R Markdown": "file_type_rmd.png",
    "Sass": "file_type_sass.png",
    "Scala": "file_type_scala.png",
    "Scilab": "file_type_scilab.png",
    "SCSS": "file_type_scss.png",
    "Slim": "file_type_slim.png",
    "Solidity": "file_type_solidity.png",
    "Squirrel": "file_type_squirrel.png",
    "SQL": "file_type_sql.png",
    "SQL ^": "file_type_sql.png",
    "Stata": "file_type_stata.png",
    "Stylus": "file_type_stylus.png",
    "Svelte": "file_type_svelte.png",
    "Swift": "file_type_swift.png",
    "T-SQL": "file_type_sql.png",
    "Tcl": "file_type_tcl.png",
    "Textile": "file_type_textile.png",
    "ToDo": "file_type_todo.png",
    "TOML": "file_type_toml.png",
    "Twig": "file_type_twig.png",
    "TypeScript": "file_type_typescript.png",
    "Vala": "file_type_vala.png",
    "VBScript": "file_type_vb.png",
    "V": "file_type_vlang.png",
    "Verilog HDL": "file_type_verilog.png",
    "VHDL": "file_type_vhdl.png",
    "VimL": "file_type_vim.png",
    "Vue": "file_type_vue.png",
    "Wolfram": "file_type_wolfram.png",
    "XML": "file_type_xml.png",
    "XSLT": "file_type_xsl.png",
    "Yacc": "file_type_yacc.png",
    "YAML": "file_type_yaml.png",
    "Zig": "file_type_zig.png"
}
