{
  "blue": {
    "hue_range": [179, 257],
    "lower_bounds": [
      [20, 100],
      [30, 86],
      [40, 80],
      [50, 74],
      [60, 60],
      [70, 52],
      [80, 44],
      [90, 39],
      [100, 35]
    ]
  },
  "green": {
    "hue_range": [63, 178],
    "lower_bounds": [
      [30, 100],
      [40, 90],
      [50, 85],
      [60, 81],
      [70, 74],
      [80, 64],
      [90, 50],
      [100, 40]
    ]
  },
  "monochrome": {
    "hue_range": [0, 0],
    "lower_bounds": [
      [0, 0],
      [100, 0]
    ]
  },
  "orange": {
    "hue_range": [19, 46],
    "lower_bounds": [
      [20, 100],
      [30, 93],
      [40, 88],
      [50, 86],
      [60, 85],
      [70, 70],
      [100, 70]
    ]
  },
  "pink": {
    "hue_range": [283, 334],
    "lower_bounds": [
      [20, 100],
      [30, 90],
      [40, 86],
      [60, 84],
      [80, 80],
      [90, 75],
      [100, 73]
    ]
  },
  "purple": {
    "hue_range": [258, 282],
    "lower_bounds": [
      [20, 100],
      [30, 87],
      [40, 79],
      [50, 70],
      [60, 65],
      [70, 59],
      [80, 52],
      [90, 45],
      [100, 42]
    ]
  },
  "red": {
    "hue_range": [-26, 18],
    "lower_bounds": [
      [20, 100],
      [30, 92],
      [40, 89],
      [50, 85],
      [60, 78],
      [70, 70],
      [80, 60],
      [90, 55],
      [100, 50]
    ]
  },
  "yellow": {
    "hue_range": [47, 62],
    "lower_bounds": [
      [25, 100],
      [40, 94],
      [50, 89],
      [60, 86],
      [70, 84],
      [80, 82],
      [90, 80],
      [100, 75]
    ]
  }
}
